RutaID,X,Y
14,566,723
14,562,726
14,538,726
14,564,725
24,1770,714
24,1769,721
24,1764,723
24,1760,719
24,1752,726
24,1752,730
24,1754,727
24,1759,730
24,1754,726
24,1758,722
24,1765,727
24,1769,721
24,1776,721
24,1771,714
35,1149,707
35,1169,730
35,1157,709
35,1157,713
35,1150,707
46,1859,700
46,1834,720
46,1834,723
46,1843,718
46,1841,715
46,1845,715
46,1850,709
46,1854,719
46,1853,708
46,1860,701
84,733,680
84,741,689
84,726,699
84,724,688
84,724,698
84,719,702
84,720,707
84,713,703
84,720,711
84,708,730
84,721,713
84,726,701
84,736,691
84,766,693
84,784,687
84,776,686
84,762,690
84,748,686
84,739,687
84,735,680
84,733,681
89,669,678
89,671,682
89,677,681
89,688,685
89,683,682
89,686,681
89,694,687
89,688,681
89,691,679
89,671,678
91,830,677
91,814,688
91,814,691
91,821,689
91,831,677
94,1169,676
94,1178,686
94,1182,705
94,1192,721
94,1191,730
94,1192,720
94,1185,711
94,1178,685
94,1171,676
95,765,676
95,789,676
102,811,672
102,795,675
102,793,679
102,815,672
104,1121,670
104,1106,675
104,1072,674
104,1074,677
104,1062,679
104,1057,684
104,1040,682
104,1028,687
104,1016,685
104,1057,685
104,1067,682
104,1070,677
104,1080,679
104,1079,677
104,1084,675
104,1106,676
104,1114,672
104,1135,670
105,1143,669
105,1142,672
105,1138,672
105,1146,679
105,1146,674
105,1156,669
105,1167,673
105,1158,669
105,1149,672
105,1144,670
124,640,656
124,659,673
124,641,656
135,1920,648
135,1927,648
139,882,645
139,860,657
139,883,645
149,932,628
149,899,639
149,906,639
149,934,628
167,713,607
167,704,620
167,704,629
167,690,636
167,670,664
167,670,671
167,662,674
167,666,684
167,657,689
167,646,702
167,639,705
167,637,703
167,644,696
167,634,705
167,620,709
167,628,709
167,620,723
167,621,730
167,623,721
167,632,707
167,646,703
167,650,697
167,669,684
167,665,678
167,671,671
167,679,675
167,685,669
167,679,673
167,674,672
167,671,664
167,691,636
167,705,630
167,705,620
167,710,613
167,715,612
167,713,608
174,1079,596
174,1080,620
174,1076,622
174,1080,620
174,1079,607
177,620,592
177,620,615
177,628,623
177,621,616
177,621,593
192,586,575
192,594,580
192,610,577
192,593,579
192,587,576
196,731,566
196,730,581
196,719,603
196,729,590
196,732,567
198,635,562
198,621,572
198,615,569
198,619,568
198,614,564
198,612,575
198,616,573
198,617,579
198,618,572
198,621,574
198,635,564
199,1111,560
199,1095,572
199,1066,587
199,1097,574
199,1108,565
199,1118,574
199,1119,587
199,1118,574
199,1109,563
199,1112,560
213,1318,544
213,1318,551
213,1310,550
213,1318,551
213,1325,559
213,1328,558
213,1318,547
231,1050,532
231,1043,541
231,1038,574
231,1024,591
231,1039,574
231,1043,542
231,1052,532
241,784,528
241,797,537
241,817,536
241,823,544
241,832,547
241,833,551
241,838,551
241,839,558
241,842,557
241,848,563
241,847,568
241,852,573
241,860,573
241,876,582
241,883,581
241,896,589
241,903,587
241,905,594
241,917,591
241,920,584
241,916,591
241,906,594
241,904,586
241,896,587
241,882,579
241,869,579
241,868,574
241,852,571
241,857,556
241,854,557
241,854,565
241,850,568
241,849,562
241,839,555
241,837,548
241,824,544
241,820,537
241,800,537
241,785,528
259,746,516
259,776,521
259,782,526
259,776,521
259,768,521
259,757,516
276,868,494
276,880,518
276,897,542
276,880,518
276,869,495
305,608,474
305,608,482
305,600,497
305,601,503
305,593,501
305,600,505
305,602,513
305,603,495
305,611,478
305,618,475
305,613,474
308,813,472
308,801,479
308,791,493
308,801,480
308,816,472
338,833,457
338,830,461
338,826,460
338,827,463
338,818,470
338,824,465
338,827,466
338,838,481
338,861,525
338,863,534
338,859,555
338,863,543
338,862,527
338,839,480
338,827,465
338,833,459
345,663,454
345,640,470
345,630,468
345,636,471
345,642,471
345,663,458
345,660,457
345,664,454
373,1460,445
373,1462,448
373,1454,457
373,1461,453
373,1467,458
373,1462,453
373,1466,446
373,1490,446
373,1464,448
373,1461,445
424,1362,422
424,1365,425
424,1362,427
424,1366,427
424,1372,433
424,1369,426
424,1408,427
424,1367,426
424,1363,423
439,717,416
439,717,420
439,713,422
439,717,421
439,726,431
439,723,437
439,725,447
439,720,449
439,725,450
439,724,465
439,731,475
439,733,519
439,698,528
439,677,538
439,670,537
439,645,548
439,636,559
439,648,547
439,657,546
439,670,538
439,677,539
439,694,530
439,730,520
439,738,534
439,747,541
439,743,554
439,748,542
439,735,528
439,734,518
439,741,517
439,739,514
439,751,505
439,773,496
439,748,506
439,736,516
439,733,513
439,730,488
439,732,474
439,725,464
439,727,454
439,724,438
439,727,429
439,743,426
439,754,431
439,772,431
439,783,441
439,785,449
439,784,440
439,788,439
439,781,438
439,772,430
439,758,431
439,749,426
439,730,426
439,725,429
439,719,422
439,725,418
439,719,420
439,717,417
452,1456,410
452,1449,414
452,1445,413
452,1430,426
452,1412,426
452,1416,426
452,1417,429
452,1419,426
452,1433,425
452,1440,418
452,1461,410
471,1540,403
471,1548,403
483,1124,398
483,1108,414
483,1105,432
483,1117,437
483,1128,452
483,1126,464
483,1130,471
483,1122,478
483,1119,487
483,1122,495
483,1111,498
483,1096,516
483,1087,516
483,1079,525
483,1068,527
483,1078,526
483,1088,517
483,1098,515
483,1114,497
483,1129,496
483,1136,486
483,1146,487
483,1159,477
483,1145,486
483,1135,485
483,1127,496
483,1120,489
483,1122,480
483,1131,472
483,1127,464
483,1128,449
483,1131,448
483,1117,436
483,1106,432
483,1106,420
483,1123,399
492,1334,392
492,1336,397
492,1333,399
492,1330,396
492,1332,400
492,1336,397
492,1342,399
492,1361,420
492,1335,392
494,1140,387
494,1126,396
494,1132,395
494,1140,388
494,1153,390
494,1147,387
496,1164,385
496,1155,391
496,1164,386
496,1180,391
496,1183,387
496,1179,390
496,1165,386
530,1441,361
530,1426,375
530,1419,374
530,1404,380
530,1385,363
530,1403,380
530,1413,379
530,1419,375
530,1425,376
530,1447,362
530,1455,366
530,1451,362
530,1441,363
580,1703,341
580,1699,350
580,1697,345
580,1699,355
580,1693,355
580,1694,361
580,1696,357
580,1699,359
580,1696,366
580,1693,363
580,1695,375
580,1698,373
580,1705,391
580,1702,395
580,1705,396
580,1705,403
580,1700,409
580,1705,405
580,1707,397
580,1719,394
580,1738,378
580,1718,394
580,1707,392
580,1708,384
580,1703,383
580,1698,367
580,1702,361
580,1707,365
580,1704,361
580,1708,355
580,1703,360
580,1700,348
580,1702,345
580,1709,346
580,1712,349
580,1709,353
580,1714,348
580,1704,342
594,801,336
594,805,351
594,826,387
594,816,404
594,816,415
594,819,398
594,824,392
594,830,390
594,841,394
594,829,388
594,827,384
594,837,369
594,826,385
594,815,368
594,802,337
597,1554,334
597,1568,354
597,1565,343
597,1555,335
606,1375,331
606,1374,338
606,1362,355
606,1357,352
606,1346,352
606,1337,358
606,1329,380
606,1326,369
606,1327,384
606,1321,411
606,1294,391
606,1263,374
606,1264,369
606,1259,371
606,1251,365
606,1257,372
606,1254,374
606,1258,379
606,1258,386
606,1268,403
606,1262,420
606,1267,415
606,1265,424
606,1258,430
606,1250,430
606,1248,434
606,1236,438
606,1236,446
606,1232,448
606,1237,449
606,1234,454
606,1223,450
606,1230,455
606,1224,462
606,1215,465
606,1201,464
606,1197,468
606,1166,468
606,1183,467
606,1194,469
606,1186,477
606,1150,488
606,1126,513
606,1109,526
606,1076,543
606,1053,565
606,1042,587
606,1047,583
606,1047,591
606,1055,565
606,1076,544
606,1100,533
606,1130,510
606,1130,516
606,1133,508
606,1151,490
606,1188,477
606,1205,466
606,1220,467
606,1218,470
606,1205,471
606,1227,469
606,1219,466
606,1233,456
606,1236,461
606,1229,467
606,1239,460
606,1235,456
606,1237,451
606,1253,444
606,1253,436
606,1264,429
606,1268,421
606,1270,422
606,1269,416
606,1279,403
606,1285,403
606,1300,411
606,1301,417
606,1294,412
606,1303,418
606,1304,413
606,1312,417
606,1306,419
606,1310,422
606,1288,443
606,1276,462
606,1268,462
606,1277,464
606,1269,470
606,1274,475
606,1271,487
606,1276,494
606,1277,509
606,1274,526
606,1266,535
606,1262,548
606,1262,567
606,1278,606
606,1295,624
606,1304,623
606,1312,636
606,1311,639
606,1322,649
606,1340,658
606,1347,684
606,1350,685
606,1353,681
606,1362,684
606,1361,688
606,1374,702
606,1388,711
606,1388,719
606,1393,724
606,1390,730
606,1404,730
606,1401,724
606,1413,705
606,1427,673
606,1441,662
606,1449,660
606,1449,657
606,1430,667
606,1429,662
606,1435,654
606,1437,640
606,1434,655
606,1420,670
606,1407,703
606,1399,707
606,1404,706
606,1404,710
606,1393,723
606,1388,717
606,1389,711
606,1381,705
606,1382,702
606,1376,702
606,1361,682
606,1355,679
606,1347,682
606,1347,673
606,1343,668
606,1341,656
606,1335,656
606,1322,648
606,1312,638
606,1304,622
606,1295,624
606,1293,618
606,1279,606
606,1263,569
606,1265,538
606,1272,531
606,1279,541
606,1273,532
606,1277,494
606,1271,484
606,1275,480
606,1271,470
606,1276,468
606,1278,460
606,1292,441
606,1292,448
606,1295,450
606,1292,445
606,1304,434
606,1311,420
606,1322,417
606,1345,433
606,1355,432
606,1358,435
606,1356,436
606,1368,448
606,1375,464
606,1366,468
606,1378,479
606,1375,485
606,1378,482
606,1392,482
606,1394,478
606,1404,475
606,1419,478
606,1415,476
606,1420,473
606,1428,473
606,1431,477
606,1424,479
606,1434,479
606,1443,485
606,1438,481
606,1443,479
606,1436,479
606,1431,472
606,1459,476
606,1481,471
606,1487,474
606,1485,471
606,1488,469
606,1495,473
606,1488,479
606,1497,477
606,1507,485
606,1503,490
606,1511,488
606,1527,505
606,1520,513
606,1513,529
606,1527,506
606,1535,510
606,1506,546
606,1505,543
606,1499,552
606,1488,558
606,1478,569
606,1488,559
606,1493,558
606,1491,565
606,1480,578
606,1486,593
606,1459,619
606,1457,625
606,1461,630
606,1452,641
606,1449,652
606,1451,655
606,1453,641
606,1462,630
606,1458,625
606,1459,621
606,1487,593
606,1481,579
606,1491,567
606,1493,560
606,1515,539
606,1533,514
606,1549,498
606,1567,494
606,1571,489
606,1590,483
606,1577,486
606,1582,479
606,1577,477
606,1577,472
606,1595,476
606,1605,474
606,1597,480
606,1599,481
606,1608,475
606,1634,469
606,1669,456
606,1634,468
606,1626,464
606,1629,469
606,1617,471
606,1616,468
606,1621,462
606,1630,459
606,1625,457
606,1632,455
606,1633,452
606,1635,454
606,1637,449
606,1642,449
606,1646,445
606,1667,447
606,1632,459
606,1670,447
606,1688,448
606,1683,446
606,1686,441
606,1692,439
606,1707,421
606,1727,406
606,1760,389
606,1762,385
606,1753,375
606,1751,368
606,1766,358
606,1765,354
606,1760,362
606,1751,366
606,1749,372
606,1740,377
606,1751,372
606,1760,384
606,1759,388
606,1723,408
606,1710,420
606,1700,422
606,1698,418
606,1702,425
606,1699,428
606,1694,424
606,1685,436
606,1675,427
606,1677,421
606,1670,419
606,1669,409
606,1676,409
606,1674,415
606,1678,408
606,1682,408
606,1683,414
606,1692,422
606,1698,410
606,1695,413
606,1691,409
606,1695,414
606,1691,420
606,1684,414
606,1683,408
606,1676,407
606,1680,399
606,1686,402
606,1689,399
606,1684,397
606,1684,389
606,1674,382
606,1680,387
606,1678,394
606,1682,397
606,1674,407
606,1669,406
606,1672,400
606,1664,409
606,1654,399
606,1649,384
606,1619,381
606,1609,387
606,1606,384
606,1608,388
606,1604,393
606,1596,391
606,1601,395
606,1598,398
606,1584,394
606,1567,396
606,1564,400
606,1551,403
606,1589,395
606,1592,399
606,1605,395
606,1611,399
606,1605,395
606,1610,389
606,1617,395
606,1610,387
606,1623,382
606,1647,385
606,1660,408
606,1668,410
606,1668,415
606,1665,416
606,1668,420
606,1658,418
606,1659,415
606,1649,416
606,1621,398
606,1626,402
606,1624,405
606,1633,410
606,1629,412
606,1644,415
606,1649,422
606,1653,417
606,1661,421
606,1651,426
606,1638,440
606,1635,439
606,1636,445
606,1620,456
606,1622,458
606,1611,469
606,1603,473
606,1598,471
606,1599,467
606,1589,463
606,1589,457
606,1585,459
606,1577,456
606,1572,443
606,1582,441
606,1593,446
606,1616,441
606,1631,442
606,1630,440
606,1595,444
606,1587,440
606,1570,441
606,1553,436
606,1555,439
606,1548,438
606,1547,434
606,1550,434
606,1540,424
606,1517,413
606,1520,416
606,1517,418
606,1508,412
606,1509,407
606,1516,406
606,1489,407
606,1481,387
606,1472,384
606,1457,368
606,1468,382
606,1480,388
606,1486,401
606,1485,407
606,1463,410
606,1493,407
606,1530,425
606,1547,440
606,1539,443
606,1568,442
606,1571,446
606,1571,465
606,1567,472
606,1560,476
606,1558,474
606,1569,490
606,1563,494
606,1549,496
606,1535,509
606,1533,501
606,1538,495
606,1536,491
606,1537,494
606,1527,504
606,1512,488
606,1519,484
606,1512,487
606,1489,467
606,1482,470
606,1476,466
606,1478,472
606,1463,472
606,1460,475
606,1449,472
606,1436,473
606,1433,469
606,1402,472
606,1400,469
606,1403,463
606,1398,470
606,1395,469
606,1380,445
606,1390,462
606,1385,464
606,1377,461
606,1368,444
606,1356,431
606,1360,428
606,1347,428
606,1323,413
606,1323,400
606,1327,388
606,1333,388
606,1330,382
606,1337,361
606,1347,353
606,1356,353
606,1367,362
606,1363,356
606,1375,338
642,1536,316
642,1544,328
642,1550,331
642,1541,318
642,1538,318
672,1687,304
672,1691,312
672,1690,318
672,1700,330
672,1698,343
672,1701,330
672,1692,320
672,1688,304
676,1166,304
676,1192,320
676,1168,304
687,559,302
687,568,313
687,566,322
687,569,316
687,571,318
687,571,311
687,569,313
687,561,304
699,1139,297
699,1147,297
699,1161,303
699,1153,297
699,1147,297
709,385,296
709,381,307
709,382,317
709,378,322
709,382,320
709,385,297
735,1540,289
735,1537,295
735,1532,292
735,1536,294
735,1535,301
735,1526,300
735,1536,302
735,1538,315
735,1536,309
735,1544,299
735,1541,302
735,1537,300
735,1540,292
753,1661,284
753,1665,287
753,1683,287
753,1685,303
753,1685,287
753,1663,284
762,536,282
762,539,284
762,534,285
762,552,289
762,552,295
762,549,294
762,555,298
762,553,291
762,561,290
762,563,286
762,552,289
762,549,285
762,537,282
770,1454,280
770,1465,281
770,1467,284
770,1464,287
770,1474,287
770,1474,283
770,1470,284
770,1463,280
771,1128,280
771,1151,285
771,1148,282
771,1129,280
776,1790,278
776,1781,288
776,1784,299
776,1782,322
776,1775,325
776,1774,316
776,1774,325
776,1766,329
776,1764,338
776,1766,351
776,1767,329
776,1775,328
776,1783,322
776,1785,300
776,1782,288
776,1790,280
793,1772,273
793,1778,281
793,1778,300
793,1779,280
793,1773,274
798,1087,272
798,1107,287
798,1089,274
861,432,251
861,444,271
861,449,275
861,433,252
885,492,234
885,492,241
885,481,257
885,491,242
885,497,238
885,495,237
887,1012,232
887,1010,238
887,1002,245
887,1009,246
887,1011,240
887,1017,237
887,1012,234
907,430,219
907,430,246
909,835,216
909,838,220
909,824,221
909,842,220
909,846,223
909,847,220
909,836,217
936,905,202
936,879,222
936,850,222
936,848,224
936,853,222
936,855,225
936,860,222
936,879,223
936,889,216
936,896,216
936,890,216
936,891,212
936,907,202
938,1108,201
938,1103,202
938,1101,208
938,1106,204
938,1111,209
938,1103,213
938,1112,212
938,1125,203
938,1112,210
938,1106,203
956,1058,190
956,1049,204
956,1037,214
956,1037,218
956,1039,212
956,1054,199
956,1059,190
962,964,188
962,964,193
962,959,198
962,946,204
962,963,194
962,973,198
962,966,193
962,969,191
962,964,191
970,1011,178
970,990,185
970,1013,178
972,524,177
972,529,181
972,532,205
972,536,205
972,533,204
972,529,180
972,525,178
976,1052,170
976,1026,208
976,1037,197
976,1053,171
988,425,161
988,429,186
988,425,163
999,1134,154
999,1154,157
999,1174,155
999,1151,154
1010,494,147
1010,486,150
1010,501,149
1010,515,158
1010,505,150
1010,495,148
1031,1208,137
1031,1198,142
1031,1187,141
1031,1189,147
1031,1183,155
1031,1176,156
1031,1181,158
1031,1172,174
1031,1161,181
1031,1161,185
1031,1155,184
1031,1159,182
1031,1152,183
1031,1145,179
1031,1142,187
1031,1134,191
1031,1121,191
1031,1132,191
1031,1131,196
1031,1143,190
1031,1148,204
1031,1157,205
1031,1162,210
1031,1156,215
1031,1145,214
1031,1135,219
1031,1114,216
1031,1102,219
1031,1097,216
1031,1099,214
1031,1086,221
1031,1097,211
1031,1082,221
1031,1077,220
1031,1076,196
1031,1065,188
1031,1065,179
1031,1078,160
1031,1083,159
1031,1069,149
1031,1063,155
1031,1061,149
1031,1067,144
1031,1062,147
1031,1060,143
1031,1061,153
1031,1057,150
1031,1059,158
1031,1038,154
1031,1026,156
1031,1014,150
1031,1026,157
1031,1041,156
1031,1044,158
1031,1041,161
1031,1052,160
1031,1054,165
1031,1059,162
1031,1059,188
1031,1061,160
1031,1071,153
1031,1078,159
1031,1065,176
1031,1062,194
1031,1064,199
1031,1067,199
1031,1069,193
1031,1075,196
1031,1077,219
1031,1074,224
1031,1059,230
1031,1050,230
1031,1060,231
1031,1074,225
1031,1073,241
1031,1067,244
1031,1065,250
1031,1060,250
1031,1054,240
1031,1042,233
1031,1047,232
1031,1041,230
1031,1038,225
1031,1035,230
1031,1037,233
1031,1041,233
1031,1052,242
1031,1048,249
1031,1054,244
1031,1056,250
1031,1049,254
1031,1044,254
1031,1045,251
1031,1032,255
1031,1020,275
1031,1012,277
1031,990,294
1031,979,293
1031,967,300
1031,964,299
1031,989,282
1031,993,273
1031,983,285
1031,959,300
1031,958,305
1031,962,303
1031,961,306
1031,954,310
1031,952,309
1031,955,306
1031,919,328
1031,927,325
1031,924,331
1031,941,317
1031,942,320
1031,925,334
1031,919,334
1031,917,336
1031,922,335
1031,920,339
1031,904,352
1031,898,351
1031,887,356
1031,881,348
1031,884,344
1031,881,348
1031,877,344
1031,885,338
1031,881,338
1031,883,327
1031,891,319
1031,896,306
1031,890,319
1031,886,322
1031,886,318
1031,880,328
1031,880,338
1031,876,338
1031,870,344
1031,855,326
1031,836,321
1031,825,312
1031,817,288
1031,824,312
1031,835,321
1031,855,327
1031,868,343
1031,865,347
1031,871,346
1031,878,353
1031,880,360
1031,879,369
1031,859,398
1031,853,395
1031,848,386
1031,857,403
1031,849,414
1031,842,444
1031,839,445
1031,834,432
1031,841,450
1031,837,452
1031,836,457
1031,839,454
1031,845,458
1031,862,483
1031,863,479
1031,883,493
1031,888,505
1031,899,516
1031,914,525
1031,907,530
1031,915,526
1031,921,531
1031,921,538
1031,916,544
1031,909,545
1031,910,557
1031,900,545
1031,913,563
1031,931,569
1031,931,579
1031,921,582
1031,932,580
1031,942,590
1031,943,598
1031,945,595
1031,942,589
1031,949,591
1031,952,600
1031,960,605
1031,958,611
1031,965,608
1031,970,611
1031,969,614
1031,965,614
1031,965,618
1031,973,624
1031,955,638
1031,953,636
1031,956,633
1031,948,636
1031,945,627
1031,947,623
1031,944,620
1031,943,623
1031,941,621
1031,941,626
1031,936,627
1031,942,626
1031,946,637
1031,961,646
1031,954,651
1031,960,651
1031,950,674
1031,950,689
1031,943,697
1031,932,701
1031,939,701
1031,946,694
1031,949,697
1031,950,715
1031,952,711
1031,956,730
1031,953,730
1031,958,730
1031,957,719
1031,951,706
1031,949,692
1031,951,690
1031,957,693
1031,968,719
1031,961,699
1031,953,687
1031,956,676
1031,966,666
1031,959,669
1031,966,651
1031,972,657
1031,967,664
1031,973,659
1031,975,661
1031,976,676
1031,966,687
1031,964,697
1031,974,703
1031,977,711
1031,984,717
1031,1009,730
1031,998,726
1031,994,720
1031,982,714
1031,976,704
1031,964,695
1031,965,691
1031,977,677
1031,995,689
1031,1008,689
1031,997,689
1031,980,677
1031,982,650
1031,995,638
1031,1001,643
1031,989,649
1031,996,649
1031,1002,643
1031,1009,649
1031,1012,647
1031,1009,642
1031,1004,642
1031,1008,640
1031,1011,632
1031,1006,628
1031,1006,621
1031,1024,616
1031,1025,618
1031,1026,613
1031,1019,618
1031,1009,617
1031,1003,612
1031,1017,609
1031,1022,605
1031,1029,611
1031,1043,600
1031,1029,608
1031,1025,605
1031,1031,598
1031,1013,610
1031,1001,611
1031,999,608
1031,1002,605
1031,1018,599
1031,1022,593
1031,1016,599
1031,996,606
1031,990,595
1031,992,576
1031,992,584
1031,986,587
1031,981,576
1031,984,571
1031,980,575
1031,984,585
1031,974,585
1031,975,578
1031,970,577
1031,971,561
1031,964,552
1031,939,540
1031,923,528
1031,920,529
1031,905,516
1031,899,515
1031,887,502
1031,883,491
1031,857,473
1031,848,460
1031,850,458
1031,841,448
1031,848,433
1031,847,422
1031,850,414
1031,857,405
1031,857,411
1031,860,408
1031,860,399
1031,864,403
1031,861,396
1031,885,363
1031,889,361
1031,892,364
1031,892,356
1031,908,354
1031,906,352
1031,924,335
1031,971,299
1031,981,295
1031,991,296
1031,996,291
1031,1012,288
1031,1010,282
1031,1022,276
1031,1031,260
1031,1037,256
1031,1049,255
1031,1055,250
1031,1063,255
1031,1068,246
1031,1082,254
1031,1075,263
1031,1072,261
1031,1085,271
1031,1077,265
1031,1079,259
1031,1084,266
1031,1087,265
1031,1095,273
1031,1104,276
1031,1096,272
1031,1095,268
1031,1085,265
1031,1082,260
1031,1083,253
1031,1070,245
1031,1078,242
1031,1079,237
1031,1085,232
1031,1084,228
1031,1084,233
1031,1074,242
1031,1076,225
1031,1085,222
1031,1086,226
1031,1094,218
1031,1137,219
1031,1144,215
1031,1157,215
1031,1181,207
1031,1201,208
1031,1206,214
1031,1211,213
1031,1225,234
1031,1221,243
1031,1226,240
1031,1223,244
1031,1224,251
1031,1220,255
1031,1226,252
1031,1222,270
1031,1228,286
1031,1226,293
1031,1219,298
1031,1218,296
1031,1214,306
1031,1219,324
1031,1203,318
1031,1187,302
1031,1179,298
1031,1172,288
1031,1163,289
1031,1154,285
1031,1153,288
1031,1171,289
1031,1177,298
1031,1187,303
1031,1200,317
1031,1220,327
1031,1215,334
1031,1205,329
1031,1212,336
1031,1205,345
1031,1206,349
1031,1200,354
1031,1201,369
1031,1185,386
1031,1190,385
1031,1192,395
1031,1191,381
1031,1201,371
1031,1200,356
1031,1212,337
1031,1229,339
1031,1235,350
1031,1250,363
1031,1237,351
1031,1229,331
1031,1224,327
1031,1224,321
1031,1221,326
1031,1215,313
1031,1217,302
1031,1227,293
1031,1229,287
1031,1224,271
1031,1228,253
1031,1225,245
1031,1229,233
1031,1221,223
1031,1225,219
1031,1218,218
1031,1201,206
1031,1179,205
1031,1173,209
1031,1163,206
1031,1169,209
1031,1164,210
1031,1154,198
1031,1154,202
1031,1150,202
1031,1145,193
1031,1150,186
1031,1153,196
1031,1153,189
1031,1172,178
1031,1182,160
1031,1203,148
1031,1203,145
1031,1205,147
1031,1205,141
1031,1209,137
1048,672,126
1048,664,133
1048,667,134
1048,662,136
1048,671,138
1048,667,136
1048,673,126
1048,678,126
1059,496,112
1059,519,137
1059,497,112
1065,743,98
1065,726,114
1065,729,111
1065,733,119
1065,723,134
1065,718,126
1065,725,109
1065,716,127
1065,707,125
1065,716,128
1065,721,135
1065,719,138
1065,725,137
1065,734,146
1065,734,151
1065,727,160
1065,727,173
1065,729,171
1065,734,176
1065,734,189
1065,743,191
1065,747,197
1065,743,210
1065,748,217
1065,744,223
1065,748,223
1065,751,260
1065,732,256
1065,711,256
1065,734,257
1065,740,260
1065,714,280
1065,708,278
1065,711,281
1065,709,283
1065,702,280
1065,697,274
1065,694,255
1065,707,256
1065,687,248
1065,703,246
1065,666,244
1065,670,247
1065,656,250
1065,650,244
1065,662,244
1065,661,242
1065,639,243
1065,643,237
1065,641,222
1065,650,208
1065,640,222
1065,640,241
1065,629,249
1065,610,246
1065,591,232
1065,586,232
1065,607,246
1065,626,250
1065,619,256
1065,609,257
1065,592,269
1065,601,266
1065,600,269
1065,603,270
1065,599,278
1065,592,275
1065,597,270
1065,589,276
1065,584,276
1065,583,273
1065,564,279
1065,556,278
1065,555,270
1065,540,266
1065,540,258
1065,537,255
1065,527,255
1065,533,254
1065,539,258
1065,540,268
1065,547,267
1065,553,270
1065,554,281
1065,568,282
1065,581,276
1065,595,279
1065,603,277
1065,607,265
1065,603,265
1065,611,258
1065,614,260
1065,611,263
1065,623,257
1065,634,260
1065,639,254
1065,665,254
1065,663,251
1065,689,252
1065,694,256
1065,696,274
1065,686,268
1065,701,286
1065,699,283
1065,702,282
1065,718,287
1065,750,304
1065,740,296
1065,711,284
1065,740,261
1065,753,261
1065,758,274
1065,763,277
1065,789,277
1065,803,286
1065,789,276
1065,778,277
1065,776,272
1065,775,276
1065,763,276
1065,757,272
1065,747,226
1065,749,224
1065,752,227
1065,749,223
1065,752,217
1065,759,217
1065,751,217
1065,746,213
1065,749,209
1065,747,194
1065,735,185
1065,741,176
1065,730,167
1065,730,160
1065,740,145
1065,735,144
1065,732,139
1065,739,139
1065,742,142
1065,745,139
1065,732,137
1065,730,134
1065,739,126
1065,735,130
1065,727,131
1065,733,122
1065,732,112
1065,743,103
1065,745,125
1065,742,127
1065,755,126
1065,750,131
1065,761,127
1065,768,131
1065,784,133
1065,794,130
1065,810,130
1065,817,133
1065,824,131
1065,826,134
1065,842,137
1065,905,139
1065,916,143
1065,925,140
1065,930,142
1065,928,140
1065,933,137
1065,939,140
1065,936,142
1065,941,168
1065,934,176
1065,937,177
1065,935,185
1065,917,199
1065,926,193
1065,926,204
1065,929,200
1065,930,207
1065,920,213
1065,923,214
1065,909,233
1065,904,254
1065,897,262
1065,900,263
1065,896,289
1065,897,304
1065,900,268
1065,907,261
1065,906,254
1065,912,233
1065,931,212
1065,929,210
1065,932,204
1065,928,197
1065,947,170
1065,946,167
1065,945,171
1065,941,172
1065,939,144
1065,955,145
1065,954,142
1065,964,138
1065,965,143
1065,960,147
1065,965,145
1065,967,150
1065,966,143
1065,973,142
1065,969,142
1065,966,133
1065,962,133
1065,967,127
1065,970,130
1065,1001,126
1065,1002,129
1065,995,138
1065,998,140
1065,996,138
1065,1003,130
1065,1001,126
1065,1006,125
1065,1014,136
1065,1012,141
1065,1006,143
1065,1021,149
1065,1013,144
1065,1016,137
1065,1010,127
1065,1002,124
1065,970,129
1065,966,125
1065,968,118
1065,953,122
1065,951,126
1065,944,128
1065,940,135
1065,930,133
1065,924,138
1065,904,138
1065,899,132
1065,861,128
1065,853,124
1065,860,128
1065,897,132
1065,901,136
1065,853,137
1065,811,128
1065,824,118
1065,851,123
1065,846,124
1065,842,120
1065,830,120
1065,825,117
1065,817,124
1065,804,128
1065,769,130
1065,765,127
1065,769,125
1065,745,123
1065,743,106
1065,750,100
1065,744,99
1069,448,92
1069,453,95
1069,450,97
1069,446,123
1069,434,126
1069,440,126
1069,444,130
1069,442,134
1069,444,132
1069,448,136
1069,443,146
1069,445,149
1069,437,150
1069,429,144
1069,431,141
1069,428,141
1069,428,130
1069,423,118
1069,431,126
1069,425,114
1069,414,118
1069,414,123
1069,416,120
1069,418,123
1069,412,152
1069,415,163
1069,407,180
1069,408,185
1069,405,187
1069,405,184
1069,398,193
1069,393,194
1069,385,206
1069,385,215
1069,377,218
1069,370,229
1069,370,234
1069,374,238
1069,383,238
1069,385,285
1069,379,285
1069,373,293
1069,379,287
1069,382,287
1069,385,293
1069,390,289
1069,389,285
1069,386,286
1069,383,271
1069,383,247
1069,385,241
1069,387,244
1069,387,236
1069,375,237
1069,370,231
1069,378,218
1069,386,215
1069,386,206
1069,393,196
1069,403,194
1069,423,211
1069,416,215
1069,424,211
1069,431,212
1069,431,217
1069,434,214
1069,438,217
1069,448,236
1069,449,259
1069,463,274
1069,451,283
1069,450,278
1069,450,282
1069,439,289
1069,434,302
1069,436,309
1069,430,310
1069,432,313
1069,441,308
1069,437,309
1069,436,302
1069,443,289
1069,450,292
1069,446,302
1069,450,300
1069,449,335
1069,449,305
1069,452,296
1069,450,291
1069,458,285
1069,473,281
1069,476,283
1069,475,291
1069,478,294
1069,474,297
1069,485,296
1069,490,303
1069,497,302
1069,511,318
1069,520,320
1069,536,332
1069,556,330
1069,564,337
1069,602,340
1069,608,344
1069,623,339
1069,630,344
1069,634,353
1069,677,375
1069,678,379
1069,695,394
1069,695,399
1069,696,393
1069,679,378
1069,678,374
1069,669,372
1069,648,358
1069,640,356
1069,632,349
1069,630,342
1069,626,342
1069,622,337
1069,629,337
1069,621,332
1069,610,339
1069,579,337
1069,565,333
1069,565,336
1069,558,330
1069,537,332
1069,521,320
1069,513,318
1069,497,301
1069,492,303
1069,489,300
1069,494,295
1069,511,294
1069,490,296
1069,477,290
1069,477,282
1069,487,277
1069,485,274
1069,494,269
1069,498,273
1069,512,261
1069,522,269
1069,517,260
1069,525,256
1069,523,248
1069,526,232
1069,531,224
1069,529,220
1069,539,210
1069,538,206
1069,538,210
1069,528,221
1069,530,224
1069,524,232
1069,525,245
1069,519,257
1069,516,259
1069,512,256
1069,514,259
1069,500,270
1069,492,265
1069,482,277
1069,474,280
1069,465,275
1069,468,271
1069,464,273
1069,449,257
1069,448,234
1069,431,206
1069,434,202
1069,430,203
1069,434,196
1069,437,199
1069,443,197
1069,440,194
1069,439,197
1069,432,196
1069,430,190
1069,429,207
1069,431,206
1069,434,211
1069,426,212
1069,426,209
1069,424,211
1069,411,198
1069,401,192
1069,407,191
1069,415,199
1069,419,198
1069,414,198
1069,406,187
1069,409,186
1069,417,163
1069,412,155
1069,418,142
1069,416,131
1069,419,127
1069,417,120
1069,420,117
1069,428,130
1069,428,141
1069,421,144
1069,426,146
1069,422,153
1069,426,148
1069,428,150
1069,426,159
1069,429,153
1069,431,155
1069,431,150
1069,443,161
1069,437,152
1069,457,155
1069,474,145
1069,484,147
1069,474,143
1069,474,140
1069,468,146
1069,449,150
1069,446,148
1069,449,129
1069,444,128
1069,448,120
1069,448,108
1069,453,106
1069,449,101
1069,454,92
1073,534,67
1073,529,70
1073,528,76
1073,513,94
1073,484,107
1073,493,109
1073,493,106
1073,505,101
1073,526,82
1073,531,84
1073,527,79
1073,530,70
1073,535,67
